feature_0,feature_1,feature_2,feature_3,feature_4,feature_5,feature_6,feature_7,feature_8,feature_9,true_label
0.45460222912062453,0.4831983767155237,0.13546082476789545,0.18731461197430233,0.25252976842970964,0.8438003925767795,0.6188964213138113,0.4903920652136424,0.7685284191891196,0.4852761669206276,0
0.3973180493379632,0.3044638680318963,0.43529292927684005,0.10344230821906908,0.09467644689885868,0.09112664980295138,0.5338271550825857,0.07354936467383766,0.9273809507578976,0.9095343174626852,1
0.8385157988439003,0.9587965480715981,0.5676392398330827,0.9431604791102043,0.9374374623306734,0.38013290087031926,0.516382451586096,0.01896475695047306,0.19181355405582057,0.13098471208968976,2
0.7268612841413737,0.9043050374646766,0.8259384754817689,0.36305149506237544,0.7371443903100401,0.02677400510838679,0.7530323305741741,0.45042097022092986,0.6128429278169053,0.4422337546640913,3
0.7028484420641722,0.8744624200850335,0.11903653597556163,0.8560234175664888,0.21546916585817133,0.43605374033443856,0.0715056769677539,0.27874191760401723,0.4107830624780834,0.917832848619095,4
